{"0": -117.30000305175781, "1": 32.95000076293945}