{"0": -117.05000305175781, "1": 32.70000076293945}